{
    "name": "inputDatasetVaccine",
    "properties": {
        "linkedServiceName": {
            "referenceName": "FileServer1",
            "type": "LinkedServiceReference"
        },
        "annotations": [],
        "type": "DelimitedText",
        "typeProperties": {
            "location": {
                "type": "FileServerLocation",
                "folderPath": "casesData"
            },
            "columnDelimiter": ",",
            "escapeChar": "\\",
            "quoteChar": "\""
        },
        "schema": [
            {
                "type": "String"
            },
            {
                "type": "String"
            },
            {
                "type": "String"
            },
            {
                "type": "String"
            },
            {
                "type": "String"
            },
            {
                "type": "String"
            },
            {
                "type": "String"
            },
            {
                "type": "String"
            },
            {
                "type": "String"
            },
            {
                "type": "String"
            },
            {
                "type": "String"
            },
            {
                "type": "String"
            },
            {
                "type": "String"
            },
            {
                "type": "String"
            },
            {
                "type": "String"
            }
        ]
    },
    "type": "Microsoft.DataFactory/factories/datasets"
}