{
    "name": "schemaOutputDataset",
    "properties": {
        "linkedServiceName": {
            "referenceName": "AzureBlobStorage4",
            "type": "LinkedServiceReference"
        },
        "parameters": {
            "fileName": {
                "type": "string"
            }
        },
        "annotations": [],
        "type": "DelimitedText",
        "typeProperties": {
            "location": {
                "type": "AzureBlobStorageLocation",
                "fileName": {
                    "value": "@dataset().fileName",
                    "type": "Expression"
                },
                "container": "schema"
            },
            "columnDelimiter": ",",
            "escapeChar": "\\",
            "quoteChar": "\""
        },
        "schema": []
    },
    "type": "Microsoft.DataFactory/factories/datasets"
}