{
    "name": "schemaGeneration",
    "properties": {
        "activities": [
            {
                "name": "getFileNames",
                "type": "GetMetadata",
                "dependsOn": [],
                "policy": {
                    "timeout": "7.00:00:00",
                    "retry": 0,
                    "retryIntervalInSeconds": 30,
                    "secureOutput": false,
                    "secureInput": false
                },
                "userProperties": [],
                "typeProperties": {
                    "dataset": {
                        "referenceName": "schemaInputDataset",
                        "type": "DatasetReference"
                    },
                    "fieldList": [
                        "childItems"
                    ],
                    "storeSettings": {
                        "type": "FileServerReadSettings",
                        "recursive": true,
                        "enablePartitionDiscovery": false
                    },
                    "formatSettings": {
                        "type": "DelimitedTextReadSettings"
                    }
                }
            },
            {
                "name": "ForEach1",
                "type": "ForEach",
                "dependsOn": [
                    {
                        "activity": "getFileNames",
                        "dependencyConditions": [
                            "Succeeded"
                        ]
                    }
                ],
                "userProperties": [],
                "typeProperties": {
                    "items": {
                        "value": "@activity('getFileNames').output.ChildItems",
                        "type": "Expression"
                    },
                    "activities": [
                        {
                            "name": "copy data to schema container",
                            "type": "Copy",
                            "dependsOn": [],
                            "policy": {
                                "timeout": "7.00:00:00",
                                "retry": 0,
                                "retryIntervalInSeconds": 30,
                                "secureOutput": false,
                                "secureInput": false
                            },
                            "userProperties": [],
                            "typeProperties": {
                                "source": {
                                    "type": "DelimitedTextSource",
                                    "storeSettings": {
                                        "type": "FileServerReadSettings",
                                        "recursive": true,
                                        "wildcardFileName": {
                                            "value": "@item().name",
                                            "type": "Expression"
                                        },
                                        "enablePartitionDiscovery": false
                                    },
                                    "formatSettings": {
                                        "type": "DelimitedTextReadSettings"
                                    }
                                },
                                "sink": {
                                    "type": "DelimitedTextSink",
                                    "storeSettings": {
                                        "type": "AzureBlobStorageWriteSettings"
                                    },
                                    "formatSettings": {
                                        "type": "DelimitedTextWriteSettings",
                                        "quoteAllText": true,
                                        "fileExtension": ".txt"
                                    }
                                },
                                "enableStaging": false,
                                "translator": {
                                    "type": "TabularTranslator",
                                    "typeConversion": true,
                                    "typeConversionSettings": {
                                        "allowDataTruncation": true,
                                        "treatBooleanAsNumber": false
                                    }
                                }
                            },
                            "inputs": [
                                {
                                    "referenceName": "schemaInputDataset",
                                    "type": "DatasetReference"
                                }
                            ],
                            "outputs": [
                                {
                                    "referenceName": "schemaOutputDataset",
                                    "type": "DatasetReference",
                                    "parameters": {
                                        "fileName": {
                                            "value": "@item().name",
                                            "type": "Expression"
                                        }
                                    }
                                }
                            ]
                        },
                        {
                            "name": "Notebook1",
                            "type": "DatabricksNotebook",
                            "dependsOn": [
                                {
                                    "activity": "Azure Function1",
                                    "dependencyConditions": [
                                        "Succeeded"
                                    ]
                                }
                            ],
                            "policy": {
                                "timeout": "7.00:00:00",
                                "retry": 0,
                                "retryIntervalInSeconds": 30,
                                "secureOutput": false,
                                "secureInput": false
                            },
                            "userProperties": [],
                            "typeProperties": {
                                "notebookPath": "/Users/ashwini3326@gmail.com/schemaGeneration",
                                "baseParameters": {
                                    "input": {
                                        "value": "@concat(activity('Azure Function1').output.tableName, ',', item().name)",
                                        "type": "Expression"
                                    }
                                }
                            },
                            "linkedServiceName": {
                                "referenceName": "AzureDatabricks1",
                                "type": "LinkedServiceReference"
                            }
                        },
                        {
                            "name": "Azure Function1",
                            "type": "AzureFunctionActivity",
                            "dependsOn": [
                                {
                                    "activity": "copy data to schema container",
                                    "dependencyConditions": [
                                        "Succeeded"
                                    ]
                                }
                            ],
                            "policy": {
                                "timeout": "7.00:00:00",
                                "retry": 0,
                                "retryIntervalInSeconds": 30,
                                "secureOutput": false,
                                "secureInput": false
                            },
                            "userProperties": [],
                            "typeProperties": {
                                "functionName": "HttpTrigger1",
                                "method": "POST",
                                "body": {
                                    "value": "{\"name\" : \"@{item().name}\"}",
                                    "type": "Expression"
                                }
                            },
                            "linkedServiceName": {
                                "referenceName": "AzureFunction1",
                                "type": "LinkedServiceReference"
                            }
                        },
                        {
                            "name": "copyFilesToLanding",
                            "type": "Copy",
                            "dependsOn": [
                                {
                                    "activity": "Notebook1",
                                    "dependencyConditions": [
                                        "Succeeded"
                                    ]
                                }
                            ],
                            "policy": {
                                "timeout": "7.00:00:00",
                                "retry": 0,
                                "retryIntervalInSeconds": 30,
                                "secureOutput": false,
                                "secureInput": false
                            },
                            "userProperties": [],
                            "typeProperties": {
                                "source": {
                                    "type": "DelimitedTextSource",
                                    "storeSettings": {
                                        "type": "FileServerReadSettings",
                                        "recursive": true,
                                        "wildcardFileName": {
                                            "value": "@item().name",
                                            "type": "Expression"
                                        },
                                        "enablePartitionDiscovery": false
                                    },
                                    "formatSettings": {
                                        "type": "DelimitedTextReadSettings"
                                    }
                                },
                                "sink": {
                                    "type": "DelimitedTextSink",
                                    "storeSettings": {
                                        "type": "AzureBlobStorageWriteSettings"
                                    },
                                    "formatSettings": {
                                        "type": "DelimitedTextWriteSettings",
                                        "quoteAllText": true,
                                        "fileExtension": ".txt"
                                    }
                                },
                                "enableStaging": false,
                                "translator": {
                                    "type": "TabularTranslator",
                                    "typeConversion": true,
                                    "typeConversionSettings": {
                                        "allowDataTruncation": true,
                                        "treatBooleanAsNumber": false
                                    }
                                }
                            },
                            "inputs": [
                                {
                                    "referenceName": "inputDatasetVaccine",
                                    "type": "DatasetReference"
                                }
                            ],
                            "outputs": [
                                {
                                    "referenceName": "outputDatasetCase",
                                    "type": "DatasetReference",
                                    "parameters": {
                                        "fileName": {
                                            "value": "@item().name",
                                            "type": "Expression"
                                        }
                                    }
                                }
                            ]
                        },
                        {
                            "name": "Move Data to stagging database",
                            "type": "DatabricksNotebook",
                            "dependsOn": [
                                {
                                    "activity": "copyFilesToLanding",
                                    "dependencyConditions": [
                                        "Succeeded"
                                    ]
                                }
                            ],
                            "policy": {
                                "timeout": "7.00:00:00",
                                "retry": 0,
                                "retryIntervalInSeconds": 30,
                                "secureOutput": false,
                                "secureInput": false
                            },
                            "userProperties": [],
                            "typeProperties": {
                                "notebookPath": {
                                    "value": "@concat('/Users/ashwini3326@gmail.com/',activity('Azure Function1').output.landingToStagingNotebook)",
                                    "type": "Expression"
                                },
                                "baseParameters": {
                                    "input": {
                                        "value": "@concat('caseData/', string(activity('getFileNames').output.ChildItems[0].name))",
                                        "type": "Expression"
                                    }
                                }
                            },
                            "linkedServiceName": {
                                "referenceName": "AzureDatabricks1",
                                "type": "LinkedServiceReference"
                            }
                        },
                        {
                            "name": "Move Data to core database",
                            "type": "DatabricksNotebook",
                            "dependsOn": [
                                {
                                    "activity": "Move Data to stagging database",
                                    "dependencyConditions": [
                                        "Succeeded"
                                    ]
                                }
                            ],
                            "policy": {
                                "timeout": "7.00:00:00",
                                "retry": 0,
                                "retryIntervalInSeconds": 30,
                                "secureOutput": false,
                                "secureInput": false
                            },
                            "userProperties": [],
                            "typeProperties": {
                                "notebookPath": {
                                    "value": "@concat('/Users/ashwini3326@gmail.com/',activity('Azure Function1').output.stagingToCoreNotebook)",
                                    "type": "Expression"
                                },
                                "baseParameters": {
                                    "input": {
                                        "value": "@concat('caseData/', string(activity('getFileNames').output.ChildItems[0].name))",
                                        "type": "Expression"
                                    }
                                }
                            },
                            "linkedServiceName": {
                                "referenceName": "AzureDatabricks1",
                                "type": "LinkedServiceReference"
                            }
                        },
                        {
                            "name": "housekeepingActivities",
                            "type": "DatabricksNotebook",
                            "dependsOn": [
                                {
                                    "activity": "Move Data to core database",
                                    "dependencyConditions": [
                                        "Succeeded"
                                    ]
                                }
                            ],
                            "policy": {
                                "timeout": "7.00:00:00",
                                "retry": 0,
                                "retryIntervalInSeconds": 30,
                                "secureOutput": false,
                                "secureInput": false
                            },
                            "userProperties": [],
                            "typeProperties": {
                                "notebookPath": "/Users/ashwini3326@gmail.com/housekeeping",
                                "baseParameters": {
                                    "input": {
                                        "value": "@concat('caseData/', string(activity('getFileNames').output.ChildItems[0].name))",
                                        "type": "Expression"
                                    }
                                }
                            },
                            "linkedServiceName": {
                                "referenceName": "AzureDatabricks1",
                                "type": "LinkedServiceReference"
                            }
                        }
                    ]
                }
            }
        ],
        "variables": {
            "United_States_COVID-19_Cases_and_Deaths_by_State_over_Time.csv": {
                "type": "String",
                "defaultValue": "caseData"
            }
        },
        "annotations": [],
        "lastPublishTime": "2021-08-24T20:59:20Z"
    },
    "type": "Microsoft.DataFactory/factories/pipelines"
}