{
    "now": "2021-09-30T13:06:46.583Z",
    "perfNow": 52230,
    "diagnosticCorrelation": "fafe301b-7e3f-4b2a-a4e8-eec82fec5312",
    "source": "DownloadSupportFiles",
    "environment": {
        "productName": "adf",
        "buildVersion": "1.0.20210929.5",
        "environmentType": 3,
        "resourceName": "DataEngineeringPOCDataFactory",
        "resourceRegion": "eastus",
        "resourceGroup": "DataEngineeringPOC",
        "subscriptionId": "efc25367-7b85-4cd4-96da-14dd24cb39fe",
        "sessionId": "39/4p",
        "operationId": "wRQSO",
        "gitType": "live"
    },
    "additionalInfo": {
        "selectedResource": "schemaGeneration",
        "selectedResourceType": "pipeline"
    }
}